Logistic Regression,Decision Tree,Random Forest,Support Vector Machine,K-Nearest Neighbors
1,1,1,1,1
1,1,1,1,1
0,1,1,1,1
0,0,0,0,0
1,1,1,1,1
0,0,1,1,0
0,1,1,0,1
0,0,1,0,0
0,0,0,0,0
1,0,0,1,0
0,0,0,0,0
0,0,0,0,0
1,1,1,1,1
0,0,0,0,0
0,0,0,0,0
1,1,1,1,1
1,1,1,1,1
1,1,1,1,1
1,1,1,1,1
1,1,1,1,1
0,1,1,0,0
0,0,0,0,0
0,0,0,0,0
0,0,0,0,0
0,0,0,0,0
0,0,0,0,0
1,1,1,1,1
1,1,1,1,1
0,0,0,0,0
0,0,0,0,0
1,1,1,1,1
0,0,0,0,0
1,1,1,1,1
0,0,0,0,0
1,1,1,1,1
1,1,1,1,1
1,0,0,0,0
0,1,0,0,0
1,1,0,1,1
1,1,1,1,1
0,0,0,0,0
1,0,1,1,1
1,0,1,0,1
1,1,0,0,1
0,0,0,0,0
0,0,0,0,0
0,0,0,0,0
0,0,0,0,0
1,1,1,1,1
1,1,1,1,1
0,0,0,0,0
1,1,1,1,1
1,0,0,0,0
1,1,1,1,1
1,1,1,1,1
0,0,0,0,0
1,0,1,1,1
1,1,1,1,1
1,1,1,1,1
0,0,0,0,0
0,0,0,0,0
0,0,0,0,0
1,1,1,1,1
0,0,0,0,0
1,1,1,1,1
1,1,1,1,1
1,1,1,1,1
0,0,0,0,0
0,1,0,0,0
0,0,0,0,0
0,0,0,0,0
1,1,1,1,1
1,1,1,0,1
0,1,0,0,0
0,0,0,0,0
0,1,0,0,0
1,1,1,1,1
0,0,0,0,0
0,0,0,0,0
1,0,1,1,0
1,1,1,1,1
1,1,1,1,1
0,0,0,0,0
0,1,1,1,1
1,1,1,1,1
0,1,1,1,0
1,1,1,1,1
0,0,0,0,0
1,1,1,1,1
1,0,1,1,1
0,0,0,0,0
0,1,1,1,1
1,1,1,1,1
1,1,1,1,1
1,1,1,1,1
1,1,1,1,1
0,0,0,0,0
1,1,1,1,1
1,1,1,1,1
1,1,1,1,1
0,1,0,0,0
0,0,0,1,1
1,1,1,1,1
0,0,0,0,0
1,0,1,0,0
0,0,0,0,0
0,1,0,0,0
0,0,0,0,0
0,0,0,0,0
0,0,0,0,0
0,0,0,0,0
1,1,1,1,1
1,1,1,1,1
0,1,1,1,0
0,0,0,0,0
1,1,1,1,0
0,0,0,0,0
1,1,1,1,1
0,0,0,0,0
1,1,1,1,1
1,1,1,1,1
0,0,0,0,0
1,1,1,1,1
0,1,0,1,1
0,0,1,1,1
1,0,1,1,1
0,0,0,0,0
0,0,0,0,0
0,0,0,0,0
1,0,0,0,1
1,1,1,1,1
0,0,0,0,0
1,1,1,1,1
1,1,1,1,1
0,0,0,0,0
1,1,1,1,1
1,1,1,1,1
1,1,1,1,1
1,0,1,1,1
1,1,1,1,1
1,1,1,1,1
1,1,1,1,1
1,1,1,1,1
0,0,0,0,0
1,1,1,1,0
0,0,0,0,0
0,0,0,0,0
0,0,0,0,0
0,0,0,0,0
1,1,1,1,1
0,0,0,0,0
1,1,1,1,1
1,1,1,1,1
0,0,0,0,1
1,1,0,0,0
1,1,1,1,1
0,1,1,1,1
1,1,1,1,1
1,0,1,1,1
1,1,1,1,1
1,1,1,1,1
0,1,1,1,1
0,0,0,0,0
1,1,1,1,1
0,0,0,0,1
1,1,1,1,1
0,0,0,0,0
1,1,1,1,1
1,1,1,1,1
0,0,0,0,0
0,1,0,0,0
1,1,1,1,1
0,0,0,0,0
1,1,1,1,1
0,0,0,0,0
0,0,0,0,0
1,1,1,1,1
1,0,1,1,1
1,1,1,1,1
0,0,0,0,0
0,0,0,0,0
1,1,1,1,1
0,0,0,0,0
1,1,1,1,1
1,1,1,1,1
1,1,1,1,1
0,1,1,0,0
1,1,1,1,1
0,0,0,0,0
1,1,1,1,1
0,0,0,0,0
0,0,0,0,0
0,0,0,0,0
0,0,0,0,0
0,1,1,1,1
1,1,1,1,1
1,1,1,1,0
0,0,0,0,0
1,0,0,0,0
0,0,0,0,0
1,0,0,0,1
0,0,0,0,0
0,0,0,0,0
0,0,0,0,0
0,1,1,1,0
0,0,0,0,0
0,0,0,0,0
1,0,1,0,0
0,1,0,0,0
0,0,0,0,0
0,0,0,0,0
1,1,0,0,0
1,1,1,1,1
1,1,1,1,1
1,1,1,1,1
0,0,0,0,0
1,1,1,1,1
0,0,0,0,0
1,1,1,1,1
0,0,0,0,0
0,0,0,0,0
1,1,1,1,1
1,1,1,1,1
1,0,0,0,0
1,1,1,1,1
0,1,0,0,0
0,0,0,0,0
1,1,1,1,1
0,0,0,0,0
0,0,0,0,0
1,1,1,1,1
1,1,1,1,1
0,0,0,0,0
1,1,1,1,1
1,1,1,1,1
0,0,0,0,0
0,0,0,0,0
1,1,1,1,1
1,1,1,1,1
1,1,1,1,0
1,1,1,1,1
1,1,1,1,1
1,1,1,1,1
1,1,1,1,1
1,0,0,1,1
1,0,1,1,1
1,1,1,1,1
1,1,1,1,1
1,1,1,1,1
1,1,1,1,1
1,1,1,1,1
0,0,0,0,0
1,0,0,0,0
0,0,0,1,0
1,1,1,1,1
1,0,1,1,1
0,0,0,0,0
0,1,1,0,0
1,1,1,1,1
0,0,0,0,0
1,1,1,1,1
0,0,0,0,0
0,1,1,1,1
1,1,1,1,1
1,0,0,0,0
0,0,0,0,0
1,1,1,1,1
0,0,0,0,0
0,0,0,0,0
1,1,1,1,1
0,0,0,0,0
1,1,1,1,1
0,0,0,0,0
0,1,1,1,0
0,0,0,0,0
1,1,1,1,1
0,0,0,0,0
1,1,1,1,1
0,0,0,0,0
1,1,0,1,1
0,0,0,0,0
0,0,0,0,0
0,0,0,0,0
0,0,0,0,0
1,1,1,1,1
0,0,0,0,1
1,1,1,1,1
1,1,1,1,1
0,1,1,0,1
1,1,1,1,1
0,0,0,0,0
1,0,1,1,1
0,0,0,0,1
1,1,1,1,1
1,1,1,1,1
0,0,0,0,0
0,0,0,0,0
1,1,1,1,1
0,1,1,1,0
1,0,1,1,1
0,1,0,0,0
0,1,0,0,0
1,1,1,1,1
0,1,0,0,0
1,0,0,0,0
1,1,1,1,1
1,1,1,1,1
1,1,1,1,1
1,1,1,1,1
1,1,1,1,1
1,1,1,1,1
0,0,0,0,0
0,0,0,0,1
1,1,1,1,1
0,1,0,0,0
1,1,1,1,1
1,1,1,1,1
1,1,1,1,1
1,1,1,1,1
0,0,0,0,0
0,0,0,0,0
0,0,0,0,0
1,1,1,1,1
1,1,1,1,1
0,0,0,0,0
0,0,0,0,0
1,0,0,0,1
1,1,1,1,1
0,0,0,0,0
1,1,1,1,1
1,0,0,1,1
1,1,1,1,1
1,1,1,1,1
0,0,0,0,0
0,1,1,1,1
0,0,0,0,0
1,1,1,1,1
0,1,1,1,0
0,0,0,0,0
1,1,1,1,1
0,1,1,1,0
1,1,1,1,1
0,0,0,0,0
0,0,0,0,0
1,1,1,1,1
1,1,0,0,1
0,0,0,0,0
1,1,1,1,1
1,0,1,1,1
1,1,1,1,1
0,0,0,0,0
0,0,0,0,0
0,0,0,0,0
1,1,1,1,1
1,1,1,1,1
0,0,0,0,0
0,0,0,0,1
0,0,0,0,0
1,1,1,1,1
1,1,1,1,1
0,0,0,0,0
1,1,1,1,1
1,1,0,0,0
1,1,1,1,1
0,0,0,0,0
0,0,0,0,0
0,0,0,0,0
1,0,0,0,0
1,1,1,1,1
0,0,0,0,0
1,1,1,1,1
1,0,0,0,1
0,0,0,0,0
0,0,0,0,0
1,0,1,0,1
1,1,1,1,1
1,1,1,1,1
1,1,1,1,1
1,1,1,1,1
0,1,0,0,0
1,1,1,1,1
1,0,0,1,1
1,0,0,0,0
1,1,1,1,1
1,1,1,1,1
0,1,1,1,0
1,1,1,1,1
0,0,1,1,1
1,1,1,1,1
0,0,0,0,0
0,0,0,0,0
1,1,1,1,1
1,1,1,1,1
0,0,0,0,0
1,1,1,1,1
0,0,0,0,0
0,1,0,0,0
1,1,1,1,1
1,1,1,1,1
1,1,1,1,1
1,1,1,1,1
0,0,0,0,0
0,0,0,0,0
0,0,0,0,0
1,0,1,1,1
1,1,1,1,0
1,1,1,1,1
0,0,1,0,0
1,1,1,1,1
1,1,1,1,1
1,1,1,1,1
1,0,0,0,1
0,0,0,0,0
0,0,0,0,1
0,0,0,0,0
1,1,1,1,1
0,0,0,0,0
1,1,1,1,1
1,1,1,1,1
0,0,0,0,0
0,0,0,0,0
1,1,1,1,1
0,0,1,1,0
1,1,1,1,1
0,0,0,0,0
0,0,0,0,0
1,1,1,1,1
1,1,1,1,1
1,1,1,1,1
0,0,0,0,0
0,1,1,1,0
0,0,0,0,0
1,1,1,1,1
0,0,0,0,0
1,1,1,1,0
0,0,0,0,0
0,0,0,0,1
0,0,0,0,0
1,1,1,1,1
1,1,1,1,1
0,0,0,0,0
0,1,1,1,0
1,1,1,1,1
0,0,0,0,0
0,0,0,0,0
1,1,1,1,1
0,0,0,0,0
0,0,0,0,0
1,1,1,1,1
1,1,1,1,0
1,1,1,1,0
1,1,1,1,1
1,0,1,1,1
1,0,0,0,0
1,0,1,1,1
1,0,1,0,1
1,1,1,1,1
0,0,0,0,0
1,1,1,1,1
1,1,1,1,1
1,1,1,1,1
1,1,1,1,1
1,1,1,1,1
1,0,0,0,0
0,0,0,0,0
1,0,0,0,0
0,0,0,0,0
1,0,1,1,1
1,1,1,1,1
0,0,1,1,1
1,1,1,1,1
0,1,1,1,0
0,0,0,0,0
0,0,0,0,0
0,0,0,0,0
1,1,1,1,1
0,1,0,0,0
1,1,1,1,1
1,1,1,1,1
1,0,0,1,1
0,1,0,0,0
0,0,0,0,0
0,0,0,0,0
0,0,0,0,0
0,0,0,0,0
1,1,1,1,1
1,1,1,0,0
1,1,1,1,1
1,1,1,1,1
1,1,1,1,0
1,0,0,0,0
0,0,0,0,0
1,1,1,1,1
0,0,0,0,0
0,1,1,1,0
1,1,1,1,1
1,1,1,1,1
0,0,0,0,0
0,0,0,0,0
0,0,0,0,0
1,1,1,1,1
0,0,0,0,0
1,1,1,1,1
0,1,1,1,1
0,0,0,0,0
0,0,0,0,0
0,0,0,0,0
0,0,0,0,0
1,1,1,1,1
1,1,1,1,1
1,1,1,1,0
1,1,1,1,1
1,1,1,1,1
0,0,0,0,0
0,0,0,0,0
1,0,0,0,0
0,0,0,0,0
1,0,0,1,1
1,1,1,1,1
1,1,1,1,1
0,0,0,0,0
0,0,0,0,0
1,1,1,1,1
1,1,1,1,1
0,0,0,0,0
1,0,0,0,0
1,0,0,1,1
1,1,1,1,1
1,1,1,1,1
1,0,0,0,0
0,0,0,0,0
1,1,1,1,1
1,0,1,1,0
1,1,1,1,1
1,1,1,1,1
0,1,1,1,1
0,1,1,1,1
0,1,0,0,0
1,1,1,1,1
1,1,1,1,1
0,0,0,0,0
1,1,1,1,1
1,1,1,1,1
0,1,0,0,0
1,0,1,1,1
0,0,0,0,0
0,0,0,0,0
0,1,1,1,0
0,0,0,0,1
1,0,0,0,0
0,0,1,1,0
1,0,0,0,0
1,1,1,1,1
0,0,0,0,0
0,1,1,1,0
1,1,1,1,0
1,1,1,1,1
1,1,1,1,1
1,0,0,0,0
1,0,0,0,0
0,0,0,0,0
1,1,1,1,1
0,0,0,0,0
0,0,0,0,0
0,0,1,0,0
0,0,0,0,0
0,0,0,0,0
1,1,1,1,1
1,1,1,1,1
1,1,1,1,1
0,0,0,0,0
1,1,1,1,1
1,1,1,1,1
1,1,1,1,1
0,0,0,0,0
1,1,1,1,1
1,1,1,1,1
0,0,0,0,0
0,0,0,0,0
1,1,1,1,1
1,1,1,1,1
0,0,0,0,0
1,0,0,1,1
1,1,1,1,1
1,1,1,1,1
0,0,0,0,0
0,0,0,0,0
1,1,1,1,1
1,1,1,1,1
1,0,0,0,0
1,1,1,1,1
1,1,1,1,1
0,0,0,0,0
0,0,0,0,0
0,0,0,0,0
1,1,1,1,1
1,1,1,1,1
1,1,1,1,1
0,0,0,0,0
1,1,1,1,1
0,0,0,0,0
0,0,0,0,0
0,0,0,0,0
1,1,1,1,1
0,0,0,0,0
1,0,0,0,0
0,0,0,0,0
0,0,1,0,0
1,1,1,1,1
1,1,1,1,1
0,1,1,1,1
0,0,0,0,0
1,1,1,1,1
1,1,1,1,1
0,0,0,0,0
0,1,1,1,0
1,1,1,1,1
1,1,1,1,1
0,0,0,0,0
1,1,1,1,0
0,0,0,0,0
0,0,0,0,0
1,1,1,1,1
0,0,0,0,0
0,1,1,1,1
0,0,0,0,0
1,1,1,1,1
1,1,1,1,1
0,1,0,0,0
1,0,0,0,0
1,1,1,1,1
1,1,1,1,1
1,1,1,1,1
0,0,0,0,0
1,0,0,0,0
0,0,0,0,0
1,0,0,0,1
0,0,0,0,0
1,1,1,1,1
1,0,0,0,0
0,0,0,0,0
0,0,0,0,0
0,1,0,0,0
1,1,1,1,1
1,0,0,0,0
1,1,1,1,1
0,0,0,0,1
0,0,0,0,0
0,0,0,0,0
1,0,0,0,0
1,1,1,1,1
0,0,0,0,0
0,0,0,0,0
0,1,1,1,1
1,1,1,0,1
0,0,0,0,0
0,0,0,0,0
0,0,0,0,0
1,1,1,1,1
1,1,1,1,1
1,1,1,1,1
0,0,0,0,0
0,0,0,0,0
0,1,0,0,0
0,0,0,0,0
0,0,0,0,0
0,0,0,0,0
1,1,1,1,1
1,1,1,1,1
0,0,0,0,0
0,0,0,0,0
1,0,0,0,0
0,1,0,0,0
0,0,0,0,0
0,0,0,0,0
0,0,0,0,0
0,1,0,0,0
0,0,0,0,0
1,1,1,1,1
1,1,1,1,1
1,1,1,1,1
1,1,1,1,1
1,1,1,1,1
1,1,1,1,1
1,1,1,1,1
1,1,1,1,1
0,0,0,0,0
1,1,1,1,1
0,0,0,0,0
1,1,1,1,1
1,1,1,1,1
1,1,1,1,1
1,1,1,1,1
0,1,1,1,0
1,0,1,1,1
0,0,0,0,0
1,1,1,1,1
1,1,1,1,1
1,0,1,1,1
0,1,1,1,0
0,0,0,0,0
0,1,1,1,0
0,0,0,0,0
1,1,1,1,1
0,0,0,0,0
0,0,0,0,0
1,1,0,0,0
0,0,0,0,0
0,1,1,0,0
0,1,1,1,1
1,1,1,1,1
0,0,0,0,0
1,1,1,1,1
1,1,1,1,1
0,0,0,0,0
0,1,1,0,1
1,1,1,1,1
0,0,0,0,0
1,1,1,1,1
0,1,0,1,0
1,1,1,1,1
0,1,1,1,1
0,0,0,0,0
1,0,0,0,1
0,0,0,0,0
1,0,0,1,1
1,1,1,1,1
1,1,1,1,1
0,0,0,0,0
1,1,1,1,1
0,0,0,0,0
1,1,1,1,1
1,1,1,1,1
0,0,0,0,0
1,1,1,1,1
0,0,0,0,0
0,1,1,1,0
0,1,1,1,1
0,0,0,0,0
0,0,0,0,0
1,1,1,1,1
1,1,1,1,1
1,0,0,0,0
1,0,0,0,0
0,0,0,0,0
1,0,1,1,1
1,1,1,1,1
1,1,1,1,1
1,1,1,1,1
0,0,0,0,0
1,0,0,0,1
0,0,0,0,0
1,1,1,1,1
1,1,1,1,1
0,0,0,0,0
1,1,1,0,1
0,0,0,0,0
0,1,0,0,0
1,1,1,1,1
1,1,1,1,1
1,0,1,1,0
0,0,0,0,0
0,0,0,0,0
1,1,1,1,1
0,0,0,0,0
0,1,1,1,1
0,1,1,1,0
1,1,1,1,1
0,0,0,0,0
0,0,0,0,0
1,0,0,0,0
0,0,0,0,0
0,1,0,0,1
1,1,1,1,1
1,1,1,1,1
0,0,0,0,0
1,1,1,1,1
1,1,1,1,1
0,1,1,1,0
1,1,1,1,1
0,1,0,0,0
0,0,0,0,0
0,1,1,1,0
1,1,1,1,1
0,0,0,0,0
0,0,0,0,0
0,1,1,1,0
0,0,0,0,0
1,1,1,1,1
1,1,1,1,1
0,0,0,0,0
0,0,0,0,0
0,1,1,0,1
0,0,0,0,0
1,1,1,1,1
1,1,1,1,0
0,0,0,0,0
0,0,0,1,0
1,1,1,1,1
0,0,0,0,0
0,0,0,0,0
0,1,0,0,0
0,0,0,0,0
0,0,0,0,0
0,1,1,1,0
1,0,1,0,0
1,1,1,1,1
0,0,0,1,0
0,0,0,0,0
0,0,0,0,0
1,1,1,1,1
1,1,1,1,1
0,0,0,0,0
1,1,1,1,1
0,0,0,0,0
0,0,0,0,0
1,1,1,1,1
1,1,1,1,0
0,0,0,0,0
0,0,0,0,0
0,0,0,0,0
0,0,0,0,0
1,0,0,0,0
1,1,1,1,1
1,1,0,1,0
1,0,0,1,0
0,0,0,0,0
1,1,1,1,1
1,1,1,1,1
1,1,1,1,1
0,1,0,0,0
0,0,0,0,0
0,0,0,1,1
0,0,0,0,0
0,0,0,0,0
1,1,1,1,1
1,1,1,1,1
1,1,1,1,1
1,1,1,1,1
1,1,1,0,1
1,1,1,1,1
1,1,1,1,1
0,0,0,0,0
0,0,0,0,0
0,1,0,0,0
1,1,1,1,1
0,0,0,0,0
0,0,0,0,1
0,0,0,0,0
0,0,0,0,0
1,0,1,1,1
1,1,1,1,1
1,1,1,1,1
0,0,0,0,0
0,0,0,0,0
0,1,1,0,0
1,1,1,1,1
1,0,0,0,0
0,0,0,0,0
1,1,1,1,1
1,1,1,1,1
0,0,0,0,0
1,1,1,0,0
1,1,1,1,1
0,1,0,0,0
0,0,0,0,0
1,0,1,1,1
0,0,0,0,0
1,1,1,1,1
1,1,1,1,0
1,1,1,0,1
1,1,1,1,0
0,0,0,0,0
0,0,0,0,0
1,1,1,1,1
0,0,0,0,0
0,0,0,0,0
0,1,1,1,1
1,0,1,1,1
1,1,1,1,1
1,1,1,1,1
0,0,0,0,0
0,0,0,0,0
0,0,0,0,0
1,1,1,1,1
0,0,0,0,0
1,1,1,1,1
0,0,0,0,0
0,0,0,0,0
1,1,1,1,1
0,0,0,0,0
0,0,0,0,0
1,1,1,1,1
0,0,0,0,0
1,1,1,1,1
1,1,1,1,1
0,0,0,0,0
1,0,1,1,1
1,1,1,1,1
0,0,0,0,1
0,0,0,0,0
1,1,0,1,0
1,0,0,0,0
1,1,1,1,1
1,0,0,0,1
1,1,1,1,1
1,0,0,0,1
1,1,0,1,0
1,1,1,1,1
0,0,0,0,0
1,1,1,1,1
1,1,1,1,1
1,1,1,1,1
1,1,1,1,1
1,1,1,1,1
1,0,0,0,1
1,1,1,1,1
0,0,0,0,0
1,1,1,1,1
0,0,0,0,0
1,1,1,1,1
0,0,0,0,0
0,0,0,0,0
0,1,1,1,1
1,1,1,1,1
1,1,1,1,1
0,0,0,0,0
1,1,1,1,1
0,0,0,0,0
1,1,1,1,1
1,1,1,1,1
0,1,0,0,1
1,1,1,1,1
1,1,1,1,1
1,1,1,1,1
0,1,0,0,0
0,0,0,0,0
0,0,0,0,0
1,1,1,1,1
1,1,1,1,1
0,0,0,0,0
1,1,1,1,1
1,1,1,1,1
0,0,0,0,0
0,0,0,0,0
0,0,0,0,1
0,0,0,0,0
0,0,0,0,0
0,0,0,0,0
0,1,1,1,1
0,0,0,0,0
1,1,1,1,0
0,1,1,1,1
1,1,1,1,1
1,1,0,0,1
0,0,0,0,0
1,1,1,1,1
1,1,1,1,1
0,0,0,0,0
1,0,0,0,1
1,1,1,1,1
1,1,1,1,1
1,1,1,1,1
1,1,1,1,0
1,1,1,1,1
1,1,1,1,1
0,0,0,0,1
1,1,1,0,1
1,1,1,1,1
0,0,0,0,0
1,1,1,1,1
1,1,1,1,1
0,0,1,0,1
0,0,0,0,0
0,0,0,0,0
0,1,0,0,0
0,0,0,0,0
1,0,0,0,0
1,1,1,1,1
0,0,0,0,0
0,1,1,0,0
1,1,1,1,1
1,1,1,1,0
1,1,1,1,1
0,0,0,0,1
1,1,1,1,1
1,1,1,1,1
0,1,1,1,0
0,1,0,0,0
0,1,1,0,0
0,1,1,0,0
1,1,1,1,1
1,1,1,1,1
0,0,0,0,0
0,0,0,0,0
0,0,0,0,0
1,0,1,1,1
0,0,0,0,0
1,1,1,1,1
0,0,0,0,0
1,1,1,1,1
1,1,1,0,0
1,1,1,1,1
1,0,0,0,0
1,1,1,1,1
0,1,1,1,0
0,0,0,0,0
1,1,1,1,1
0,0,0,0,0
0,0,0,0,0
0,0,0,0,0
1,0,0,0,1
1,1,1,1,1
1,1,1,1,1
0,0,0,0,0
1,0,0,0,0
0,0,0,0,0
1,1,1,1,1
0,0,0,0,0
0,0,0,0,0
1,0,1,1,1
0,0,0,0,0
1,0,0,0,0
0,0,0,0,0
1,1,1,1,1
0,0,0,0,0
1,1,1,1,0
1,1,1,1,1
1,1,1,1,1
0,0,0,0,0
1,0,0,0,0
1,1,1,1,1
1,1,0,0,0
1,0,1,1,1
1,1,1,1,1
0,0,0,0,0
1,1,1,1,1
1,1,1,1,1
1,0,0,0,0
0,0,0,0,0
1,1,1,1,1
0,1,1,1,0
1,1,1,1,0
0,0,1,1,0
1,1,1,1,1
1,1,1,1,1
1,0,1,1,1
0,1,0,0,0
0,0,0,0,0
1,0,0,0,0
0,0,1,0,1
0,0,0,0,0
1,1,1,1,1
0,0,0,0,0
1,0,1,1,1
1,0,0,1,0
1,1,1,1,1
0,0,0,0,0
1,0,0,0,1
1,1,1,1,1
1,1,1,1,1
1,1,1,1,1
1,0,1,0,1
1,1,1,1,1
0,1,0,0,0
0,0,0,0,0
1,0,1,1,1
0,0,0,0,0
0,1,0,0,1
0,1,1,0,0
0,1,1,1,1
1,0,0,0,1
1,1,1,1,1
1,1,1,1,1
1,0,0,1,1
1,1,1,1,1
0,1,0,0,0
1,1,1,1,1
1,1,1,1,1
0,1,1,1,0
0,0,0,0,1
1,1,0,1,1
1,0,0,0,0
1,1,1,1,1
1,1,1,1,1
1,0,0,0,0
1,1,1,1,1
1,1,1,1,1
1,1,1,1,1
1,0,1,0,1
0,0,0,0,0
1,1,1,1,1
0,0,0,0,0
1,1,1,1,1
0,0,0,0,0
0,0,0,0,0
0,0,0,0,0
0,0,0,0,0
1,0,0,0,1
1,0,0,0,0
0,0,0,0,0
1,0,0,0,0
1,1,0,0,0
1,1,1,1,1
1,1,1,1,1
0,1,0,0,0
0,0,0,0,0
0,0,0,0,0
1,1,1,1,1
0,0,0,0,0
0,0,0,0,0
1,1,1,1,1
1,1,1,1,1
1,0,0,0,0
0,0,0,0,0
0,1,1,0,1
0,0,0,0,0
1,1,1,1,0
0,0,0,0,1
0,0,0,0,0
1,1,1,1,1
1,1,1,1,1
0,0,0,0,0
0,0,0,0,0
0,0,0,0,0
1,1,0,0,0
1,1,1,1,1
0,1,1,0,0
1,0,0,0,0
0,0,0,0,0
1,1,1,1,1
1,1,1,1,1
1,1,1,1,1
0,1,1,0,0
1,1,1,1,1
0,0,0,0,0
1,1,1,1,1
0,0,1,1,0
0,0,0,0,0
0,0,0,0,0
1,1,1,1,1
1,1,1,1,1
0,0,0,0,0
1,1,1,1,1
1,1,1,1,1
1,0,1,1,0
0,0,0,0,0
1,1,1,1,1
0,0,0,0,0
1,1,1,1,1
1,1,1,1,1
0,0,0,0,0
0,0,0,0,1
0,0,0,0,0
1,1,1,1,1
1,1,1,1,0
1,1,1,1,0
0,0,0,0,0
1,1,1,1,1
1,1,1,1,1
1,1,1,1,1
0,1,1,1,0
1,1,1,1,1
1,1,1,1,1
0,0,0,0,0
1,1,1,1,1
1,1,1,1,1
1,1,1,1,1
0,1,1,1,1
1,1,1,1,1
1,0,1,0,0
0,0,0,0,0
0,1,1,1,0
0,0,0,0,0
1,1,1,1,1
1,1,1,1,1
0,0,0,0,0
1,1,1,1,0
1,1,1,1,1
0,0,0,0,0
1,0,0,0,0
1,0,0,0,1
1,1,1,1,1
0,0,0,0,1
0,1,0,0,0
1,1,0,0,1
1,1,1,1,1
0,0,0,0,0
1,1,1,1,1
1,1,1,1,1
1,1,1,1,1
1,1,1,1,1
1,1,1,1,1
1,1,1,1,1
0,1,1,1,0
0,0,0,0,0
1,1,1,1,1
0,1,1,1,1
1,1,1,1,1
1,1,1,1,1
1,0,1,1,0
1,1,1,1,1
0,0,0,0,0
1,1,1,1,1
0,1,0,0,0
0,0,0,0,0
1,1,1,1,1
0,0,0,0,0
0,1,1,1,0
1,1,1,1,1
1,1,1,1,1
1,1,1,1,0
1,1,1,1,1
0,1,0,0,0
0,0,0,0,0
1,0,1,1,1
1,1,1,1,1
0,0,0,0,0
1,1,1,1,1
0,0,0,0,0
1,1,1,1,1
0,1,1,0,0
1,0,1,1,0
1,1,1,1,1
0,0,0,0,0
0,1,1,1,1
0,0,0,0,0
0,0,0,0,0
0,0,0,0,0
1,1,1,1,1
1,1,1,1,1
1,1,1,1,1
0,0,0,0,0
0,0,0,0,0
0,0,0,0,0
1,1,1,1,1
1,1,1,1,1
0,0,0,1,0
0,1,1,1,0
1,0,0,0,0
1,1,1,1,1
0,0,0,0,0
0,0,0,0,0
1,1,1,1,1
0,0,0,0,0
1,1,1,1,0
0,0,0,0,0
0,0,0,0,1
0,0,0,0,0
0,0,0,0,0
1,1,1,1,1
0,0,0,0,1
1,1,1,1,1
1,1,1,1,1
0,0,0,0,1
1,1,1,1,1
0,0,0,0,0
0,0,0,0,0
0,0,0,0,0
0,0,0,0,0
1,0,0,1,1
1,1,1,1,1
0,0,0,0,0
1,1,1,1,1
1,0,0,0,0
1,0,0,1,1
0,0,0,0,0
0,0,0,0,0
0,1,0,0,0
0,0,0,0,0
0,0,0,0,0
1,1,1,1,1
1,1,1,1,1
1,1,1,1,1
1,1,1,1,1
1,1,1,1,0
1,1,1,1,1
0,0,0,0,0
0,0,0,0,0
1,0,0,0,1
1,1,1,1,1
0,0,0,0,0
0,0,0,0,1
1,1,1,1,1
0,0,0,0,0
1,0,0,0,0
1,0,1,1,1
0,0,0,0,0
0,0,0,0,0
1,0,0,0,0
1,1,1,1,0
0,0,0,0,0
0,0,0,0,0
1,1,1,1,1
1,1,1,1,1
1,0,0,0,1
0,0,0,0,0
0,0,0,0,0
0,1,1,1,1
0,0,0,0,0
0,0,0,0,0
1,1,1,1,1
1,1,1,1,1
0,0,0,0,0
0,1,0,0,0
1,1,1,1,1
0,0,0,0,0
1,0,0,0,0
1,1,1,1,1
1,1,1,1,1
1,1,1,1,0
0,0,0,0,0
1,0,0,0,0
0,0,0,0,0
1,1,0,1,1
1,0,0,0,0
0,0,0,0,0
0,0,0,0,0
1,1,1,1,1
0,0,0,0,0
0,0,0,0,0
1,1,1,1,1
1,1,1,1,1
0,1,1,1,1
1,1,1,1,1
1,1,1,1,1
0,0,0,0,0
0,0,0,0,0
0,0,0,0,0
0,0,0,0,0
1,1,1,1,1
1,1,1,1,1
0,0,0,0,0
1,1,1,1,0
1,0,0,1,0
1,1,1,1,1
1,1,1,1,1
1,0,1,1,1
1,0,1,1,1
0,0,0,0,0
1,1,1,1,1
0,0,0,0,0
1,1,1,1,1
1,1,1,1,1
0,0,0,0,0
0,0,0,0,0
1,1,1,1,1
0,0,0,0,0
1,1,1,1,1
1,1,1,1,1
1,1,1,1,1
1,0,0,0,1
1,1,1,1,1
0,0,0,0,0
1,1,1,1,1
1,1,1,1,1
1,1,1,1,1
1,1,1,1,1
0,1,0,0,0
0,0,0,0,0
1,1,1,1,1
0,0,0,0,0
1,1,1,1,1
0,0,0,0,0
1,1,1,1,1
0,0,0,0,0
0,0,0,0,0
1,1,1,0,0
1,1,1,1,1
0,0,0,0,0
1,1,1,1,1
0,0,0,0,0
0,0,0,0,0
0,0,0,0,0
1,1,1,1,1
1,1,1,1,1
0,0,0,0,0
1,1,1,1,1
0,0,0,0,0
1,1,1,1,1
1,0,0,0,0
1,1,1,1,1
1,1,1,1,1
0,0,0,0,0
0,0,0,0,0
1,1,1,1,1
1,1,1,1,1
1,1,1,1,1
0,0,0,0,0
1,1,1,1,0
1,1,1,1,1
0,0,0,0,0
1,1,1,1,1
0,0,0,0,0
1,1,1,1,1
1,1,1,1,1
0,0,0,0,0
0,0,0,0,0
0,0,0,0,0
0,0,0,0,0
1,1,1,1,1
0,0,0,0,0
0,0,0,0,0
1,1,1,1,1
0,0,0,0,0
1,0,0,0,0
1,1,1,1,1
1,1,1,1,1
1,1,1,1,1
0,0,0,0,0
0,0,0,0,0
1,1,1,1,1
1,1,1,1,1
1,1,1,1,1
1,1,1,1,1
1,1,1,1,1
0,0,0,0,0
1,1,0,0,0
1,1,1,1,1
1,1,1,0,1
1,1,1,1,1
1,1,1,1,1
1,1,1,1,1
0,0,0,0,0
0,0,1,0,0
0,0,0,0,0
0,0,0,0,0
0,0,0,0,0
0,0,0,0,0
1,1,1,1,1
1,1,1,1,1
0,0,0,0,0
1,1,1,1,1
0,1,1,1,0
1,1,1,1,1
1,1,1,1,1
1,1,1,1,1
1,1,1,1,1
1,1,1,1,0
0,0,0,0,0
1,0,1,1,1
0,0,0,0,0
1,0,0,0,1
1,1,1,1,1
1,1,1,1,1
0,0,0,0,0
0,0,0,0,0
0,1,1,0,0
0,1,1,0,0
1,1,1,1,1
1,1,1,1,1
1,0,0,0,0
1,1,1,1,1
0,1,0,0,0
1,0,1,1,1
1,1,1,1,1
0,0,0,0,0
1,1,1,1,1
0,0,0,0,0
1,1,1,1,1
1,0,1,1,1
0,0,0,0,0
0,0,0,0,0
1,1,1,1,1
0,0,0,0,0
1,1,1,1,1
0,0,0,0,0
1,1,1,1,1
1,1,0,1,1
1,1,1,1,1
0,0,0,0,0
0,0,0,0,0
0,0,0,0,0
0,0,0,0,0
1,1,1,1,1
0,0,0,0,0
0,0,0,0,0
1,0,0,0,0
1,1,1,1,1
0,0,0,0,0
0,0,0,0,0
0,0,0,0,0
0,0,0,0,0
0,1,1,0,0
1,1,1,1,1
0,0,0,0,0
0,0,0,1,1
1,1,1,1,1
1,1,0,1,1
0,0,0,0,0
0,1,1,1,0
0,0,0,0,0
1,1,1,1,1
0,0,0,0,0
0,0,0,0,0
1,1,1,1,0
0,0,0,0,0
1,1,1,1,1
1,1,1,1,1
0,0,0,0,0
0,0,0,0,1
1,1,1,1,1
1,1,1,1,1
0,0,0,0,0
1,1,1,1,1
1,0,0,0,1
1,1,1,1,0
1,1,1,1,1
1,1,1,1,1
1,1,1,1,1
0,1,0,0,0
0,0,0,0,0
1,1,1,1,1
1,1,1,1,1
0,0,0,0,0
0,0,0,0,0
1,1,1,1,1
0,0,0,0,0
0,0,0,0,0
0,0,0,0,0
0,0,0,0,0
0,0,0,0,0
0,0,0,0,0
1,1,1,1,1
1,1,1,1,1
0,0,0,0,0
0,0,0,0,0
1,1,1,1,1
1,1,1,1,1
1,1,1,1,1
0,0,0,0,0
0,0,0,0,0
1,1,1,1,1
1,1,1,1,1
0,0,0,0,0
0,0,0,0,0
1,1,1,1,1
1,1,1,1,1
0,1,1,1,0
1,0,1,1,1
0,0,0,0,0
0,0,0,0,0
1,1,1,1,1
0,0,0,0,0
0,0,0,0,0
0,0,0,0,0
0,0,0,0,0
0,0,0,0,0
0,0,0,0,0
1,0,0,0,0
0,0,0,0,0
1,1,1,1,0
1,1,1,1,0
0,1,0,0,0
1,0,1,1,1
0,0,0,1,0
0,0,0,0,0
1,1,1,1,1
1,1,1,1,1
1,1,1,1,1
0,0,0,0,0
1,1,1,1,1
1,1,1,1,1
0,0,0,0,0
1,0,0,0,1
1,1,1,1,1
0,1,0,0,0
0,0,0,0,0
0,0,0,0,0
0,0,0,0,0
1,0,1,1,1
0,0,0,0,0
1,1,1,1,1
1,1,1,1,1
1,1,1,1,1
0,0,0,0,0
1,1,1,1,1
1,0,1,0,1
1,1,1,1,1
0,0,0,0,0
0,0,0,0,0
0,0,0,0,0
1,1,1,1,1
1,1,1,1,1
1,1,1,1,1
0,0,0,0,0
1,1,1,1,1
0,0,0,0,0
1,1,1,1,1
1,0,0,0,0
0,1,1,1,0
1,0,0,0,0
1,1,1,1,1
0,0,0,0,0
1,1,1,1,1
0,0,0,0,0
0,0,0,0,0
1,1,1,1,1
0,0,0,0,0
1,1,1,1,1
1,0,0,0,0
1,1,1,0,1
1,1,1,1,1
1,1,1,1,1
1,1,1,1,1
1,1,1,1,1
1,1,1,1,1
1,1,1,1,1
0,0,0,0,0
0,0,0,0,0
1,1,1,1,1
0,0,0,0,0
1,1,1,1,1
0,0,0,0,0
0,0,0,0,0
1,1,1,1,1
0,0,0,0,0
0,1,1,1,0
1,1,1,1,1
1,1,0,0,0
0,0,0,0,0
0,0,0,0,0
1,0,0,0,0
0,1,0,0,1
0,1,1,1,0
1,0,0,0,0
1,0,0,0,0
0,0,0,0,0
0,0,0,0,0
0,0,0,0,0
1,1,1,1,1
0,0,0,0,0
0,0,0,0,0
1,1,1,1,1
1,0,0,1,1
1,1,1,1,1
0,0,0,0,0
1,1,1,1,1
1,0,0,0,0
0,1,1,1,1
1,0,0,0,0
1,1,1,1,1
0,0,0,0,0
1,1,1,1,1
1,0,0,0,0
1,0,0,0,1
1,0,0,0,0
0,0,0,0,0
1,1,1,1,1
1,1,1,1,1
1,1,1,1,1
1,1,1,1,1
0,0,0,0,0
0,0,0,0,0
1,0,1,0,1
0,1,0,1,0
0,0,0,0,0
1,1,1,1,1
1,1,1,1,1
0,0,0,0,0
0,0,0,0,0
1,0,1,0,0
1,1,0,1,1
1,1,1,1,1
0,1,1,1,1
0,0,0,0,0
0,0,0,0,0
0,0,0,0,0
1,1,1,1,1
0,0,0,0,0
0,0,0,0,0
0,0,0,0,0
0,0,0,0,0
0,0,0,0,0
1,1,1,1,1
1,0,0,0,0
1,0,0,1,1
1,1,1,1,1
0,0,0,0,0
1,1,1,1,1
0,1,0,0,0
0,0,0,0,0
1,1,1,1,1
0,0,0,0,0
0,0,0,0,0
1,1,1,1,1
0,1,0,0,0
1,1,1,1,1
0,0,0,0,0
1,1,1,1,1
0,1,1,1,1
0,0,0,0,0
1,1,1,1,1
1,0,0,1,0
1,1,1,1,1
0,0,0,0,0
1,1,1,1,1
0,0,0,0,0
1,1,1,1,1
1,1,1,1,1
0,0,0,0,0
1,1,1,1,1
1,1,1,1,1
0,0,0,0,0
0,1,1,1,1
1,1,1,1,0
0,0,0,0,0
0,0,0,0,0
1,0,0,0,0
0,0,0,0,0
1,1,1,1,1
1,1,1,1,1
0,1,1,1,0
1,1,1,1,1
0,0,0,0,0
1,1,1,1,1
1,1,1,1,1
1,1,1,1,1
1,1,1,1,1
1,1,0,0,1
1,1,1,1,1
1,1,1,1,1
1,1,1,1,1
0,0,1,1,1
1,1,1,1,1
1,1,1,1,1
1,1,1,1,1
1,1,1,1,1
0,0,0,0,0
1,1,1,1,1
0,0,0,0,0
0,0,0,0,0
0,0,0,0,0
0,0,0,0,1
1,1,1,1,1
1,1,1,1,1
0,0,0,0,0
0,0,0,0,0
0,0,0,0,0
1,1,1,1,1
0,1,0,0,0
1,1,1,1,1
0,0,0,0,0
0,0,0,0,0
1,0,1,1,1
0,0,0,0,0
1,1,1,1,1
0,0,0,0,0
1,0,1,1,1
1,1,1,1,1
0,1,1,1,0
1,1,1,1,1
0,0,0,0,0
0,0,0,0,0
0,0,0,0,0
1,0,0,0,1
0,0,0,0,0
0,0,0,0,0
1,1,1,1,1
1,1,1,1,1
1,1,1,1,1
1,1,0,1,1
1,0,0,1,1
1,0,1,1,0
0,0,1,1,1
0,0,0,0,0
0,1,0,0,0
0,0,0,0,0
0,0,0,0,0
1,1,1,1,1
0,0,0,0,0
0,1,1,1,0
1,1,1,1,1
1,1,1,1,1
0,0,0,0,0
0,0,0,0,0
0,0,0,0,0
1,1,1,1,1
0,0,0,0,0
1,1,1,1,1
1,0,1,1,1
0,1,1,1,1
0,0,0,0,0
0,0,0,0,0
0,1,1,1,0
1,1,1,1,1
0,0,0,0,0
0,0,0,0,0
1,0,0,0,0
0,0,0,0,0
0,0,0,0,0
1,1,1,1,1
1,1,1,1,1
0,0,0,0,0
1,1,1,1,1
1,1,1,1,1
1,1,1,1,0
0,0,0,0,0
0,0,0,0,0
1,1,1,1,1
0,0,0,0,0
1,1,1,1,1
0,0,0,0,0
0,0,0,0,0
0,0,0,0,0
0,1,1,1,1
0,0,0,0,0
0,0,0,0,0
1,1,1,1,1
0,0,0,0,0
1,0,0,0,1
1,0,1,1,1
0,0,0,0,0
0,0,0,0,0
0,0,0,0,0
0,0,0,0,0
1,1,1,1,1
1,1,1,1,1
1,1,1,1,1
0,0,0,0,0
1,1,1,1,1
0,0,0,0,0
1,1,1,1,1
1,1,1,1,1
0,0,0,0,0
0,0,0,0,0
1,0,0,0,0
0,0,0,0,0
0,0,0,0,0
0,0,0,0,0
0,0,0,0,0
0,0,0,0,0
1,1,1,1,1
1,0,1,1,1
0,0,0,0,0
1,0,0,0,1
1,1,0,0,0
1,1,1,1,1
0,0,0,0,0
0,0,0,0,1
1,1,1,1,1
0,0,0,0,0
0,0,0,0,0
1,1,1,1,1
1,1,1,1,1
1,1,1,1,1
0,0,0,0,0
0,1,1,1,0
1,1,1,1,1
0,1,0,0,0
0,0,0,0,0
0,0,0,0,0
0,0,1,1,0
1,1,1,1,1
1,1,1,1,1
1,1,1,1,1
0,0,0,0,0
1,1,1,1,1
0,0,0,0,0
0,0,0,0,0
0,0,0,0,0
1,1,1,1,1
0,1,0,0,0
1,1,1,1,1
1,0,0,0,1
0,1,0,0,0
1,1,1,1,1
0,0,0,0,0
1,1,1,1,1
1,0,1,1,1
1,1,1,1,1
0,0,0,0,0
0,1,1,0,0
1,0,0,0,0
1,0,0,0,0
0,0,1,1,1
0,0,0,0,0
1,1,1,1,1
1,1,1,1,1
1,1,1,0,0
0,0,0,0,0
1,1,1,1,0
0,0,0,0,0
1,1,1,1,1
0,0,0,0,0
0,1,1,1,0
1,1,1,1,1
0,0,0,0,0
0,1,1,1,1
1,1,1,1,1
1,1,1,1,1
0,1,0,0,0
0,0,0,0,0
1,1,1,1,1
1,1,1,1,1
1,1,1,1,1
1,1,1,1,1
1,1,1,1,1
1,1,1,1,1
0,0,0,0,0
0,0,1,0,0
1,1,1,1,1
1,1,1,1,1
1,1,1,1,1
0,1,1,0,0
0,0,0,0,0
0,0,0,0,0
1,1,1,1,1
0,0,0,0,0
1,1,1,1,1
1,1,1,1,1
1,1,1,1,1
0,0,0,0,0
0,1,1,0,0
1,1,1,1,1
1,1,1,1,0
0,0,0,0,0
0,1,0,0,0
0,1,0,0,0
1,1,1,1,1
0,0,0,0,0
0,0,0,0,0
0,0,0,0,0
1,1,1,1,1
1,0,0,0,1
1,0,1,1,1
0,1,1,1,1
0,1,0,0,1
0,0,0,0,0
1,1,1,1,1
1,1,1,1,1
0,0,0,0,0
0,0,0,0,0
1,1,1,1,1
1,0,0,0,0
1,1,1,1,1
0,0,0,0,0
1,1,1,1,1
0,0,0,1,1
0,0,0,0,0
0,0,0,0,0
1,1,1,0,0
0,0,0,0,0
1,0,0,0,0
0,0,0,0,0
0,0,0,0,0
0,1,0,0,0
1,1,1,1,1
1,1,1,1,1
1,1,1,1,1
1,0,0,1,0
1,1,1,1,1
0,0,0,0,0
1,1,1,0,0
0,0,0,0,0
0,0,0,0,0
1,1,1,1,0
0,0,0,0,0
0,1,0,0,0
1,1,1,1,1
0,0,0,0,0
1,1,1,1,1
1,1,1,1,1
1,0,0,0,0
1,1,1,1,1
0,1,1,1,0
1,1,1,1,1
0,0,0,0,0
0,0,0,0,0
1,0,1,1,0
1,0,1,1,1
1,1,1,1,1
0,0,0,0,0
1,1,1,1,1
1,0,0,1,1
1,1,1,1,1
0,0,0,0,0
0,0,0,0,0
0,0,0,0,0
0,0,0,0,0
0,0,0,0,0
1,1,1,1,1
1,1,1,1,1
0,0,0,0,0
1,1,1,1,1
0,0,0,0,0
1,1,1,1,1
1,1,1,1,1
0,0,0,0,0
0,0,0,0,0
0,0,0,0,0
1,1,1,1,1
1,1,1,1,1
1,1,1,1,1
1,1,1,1,1
1,1,1,1,1
0,1,0,1,0
0,1,1,1,1
0,1,0,0,0
