ID,satisfaction
0,0
1,1
2,1
3,1
4,0
5,0
6,0
7,1
8,0
9,0
10,1
11,1
12,0
13,0
14,0
15,1
16,0
17,1
18,1
19,1
20,1
21,0
22,0
23,0
24,1
25,0
26,0
27,0
28,1
29,0
30,1
31,1
32,0
33,0
34,1
35,1
36,0
37,1
38,0
39,1
40,1
41,1
42,1
43,0
44,0
45,1
46,1
47,0
48,0
49,1
50,0
51,1
52,0
53,0
54,1
55,0
56,1
57,0
58,0
59,1
60,0
61,0
62,0
63,0
64,1
65,1
66,1
67,1
68,1
69,0
70,0
71,1
72,1
73,1
74,0
75,0
76,0
77,1
78,1
79,1
80,1
81,1
82,0
83,0
84,1
85,0
86,1
87,1
88,1
89,0
90,1
91,1
92,0
93,0
94,1
95,1
96,0
97,1
98,1
99,0
100,0
101,0
102,0
103,0
104,1
105,0
106,1
107,1
108,0
109,1
110,1
111,0
112,1
113,1
114,0
115,1
116,1
117,0
118,0
119,0
120,1
121,0
122,0
123,0
124,0
125,1
126,1
127,1
128,1
129,0
130,1
131,1
132,0
133,1
134,1
135,1
136,0
137,0
138,0
139,0
140,0
141,1
142,1
143,0
144,1
145,1
146,1
147,0
148,1
149,1
150,1
151,1
152,1
153,0
154,0
155,1
156,1
157,1
158,1
159,0
160,1
161,1
162,1
163,0
164,1
165,1
166,0
167,0
168,1
169,0
170,0
171,0
172,0
173,0
174,1
175,1
176,0
177,1
178,0
179,0
180,1
181,0
182,1
183,1
184,1
185,0
186,1
187,1
188,0
189,0
190,0
191,1
192,1
193,0
194,1
195,0
196,0
197,0
198,1
199,1
200,1
201,0
202,1
203,0
204,0
205,1
206,1
207,0
208,0
209,1
210,0
211,0
212,0
213,0
214,1
215,1
216,0
217,1
218,0
219,1
220,1
221,0
222,1
223,0
224,1
225,1
226,1
227,1
228,1
229,1
230,0
231,0
232,1
233,0
234,0
235,1
236,1
237,1
238,0
239,0
240,1
241,0
242,0
243,1
244,1
245,1
246,0
247,1
248,0
249,1
250,1
251,1
252,1
253,0
254,1
255,1
256,0
257,0
258,1
259,0
260,1
261,1
262,0
263,1
264,0
265,0
266,1
267,0
268,0
269,0
270,1
271,1
272,0
273,0
274,0
275,0
276,1
277,1
278,0
279,0
280,1
281,1
282,1
283,1
284,1
285,1
286,1
287,0
288,0
289,0
290,1
291,1
292,0
293,1
294,0
295,1
296,0
297,0
298,0
299,1
300,1
301,1
302,0
303,0
304,0
305,0
306,1
307,0
308,1
309,0
310,1
311,0
312,1
313,1
314,1
315,1
316,1
317,0
318,1
319,0
320,0
321,1
322,0
323,0
324,1
325,0
326,0
327,0
328,0
329,1
330,1
331,1
332,0
333,1
334,1
335,0
336,0
337,1
338,0
339,0
340,1
341,0
342,1
343,0
344,0
345,1
346,0
347,0
348,1
349,0
350,1
351,0
352,1
353,0
354,0
355,0
356,1
357,1
358,1
359,1
360,1
361,1
362,1
363,0
364,1
365,0
366,0
367,0
368,1
369,1
370,0
371,0
372,0
373,1
374,1
375,1
376,1
377,1
378,0
379,0
380,1
381,0
382,1
383,1
384,0
385,1
386,0
387,0
388,1
389,0
390,0
391,1
392,1
393,0
394,0
395,1
396,0
397,0
398,0
399,0
400,1
401,0
402,0
403,1
404,0
405,1
406,1
407,0
408,0
409,0
410,0
411,1
412,0
413,1
414,0
415,1
416,1
417,1
418,0
419,0
420,1
421,1
422,0
423,1
424,0
425,1
426,0
427,1
428,1
429,1
430,1
431,1
432,1
433,0
434,1
435,0
436,0
437,1
438,1
439,1
440,1
441,1
442,1
443,0
444,1
445,0
446,1
447,1
448,0
449,0
450,0
451,1
452,1
453,1
454,0
455,0
456,0
457,0
458,1
459,1
460,1
461,0
462,0
463,0
464,1
465,0
466,1
467,0
468,1
469,1
470,1
471,1
472,0
473,0
474,0
475,1
476,0
477,0
478,1
479,0
480,0
481,1
482,1
483,0
484,1
485,0
486,0
487,1
488,1
489,1
490,1
491,1
492,0
493,1
494,1
495,0
496,0
497,0
498,0
499,0
500,0
501,1
502,0
503,1
504,0
505,1
506,0
507,0
508,0
509,1
510,0
511,0
512,0
513,0
514,0
515,0
516,1
517,1
518,1
519,1
520,1
521,1
522,0
523,1
524,1
525,0
526,0
527,0
528,0
529,0
530,1
531,0
532,1
533,1
534,0
535,0
536,0
537,1
538,1
539,1
540,1
541,1
542,1
543,0
544,1
545,0
546,1
547,0
548,1
549,1
550,0
551,0
552,1
553,1
554,1
555,0
556,1
557,0
558,0
559,1
560,0
561,0
562,1
563,1
564,1
565,1
566,1
567,1
568,0
569,1
570,1
571,0
572,1
573,0
574,1
575,0
576,1
577,1
578,0
579,1
580,1
581,1
582,1
583,1
584,1
585,0
586,1
587,1
588,0
589,0
590,0
591,1
592,1
593,0
594,1
595,1
596,1
597,0
598,0
599,0
600,1
601,1
602,1
603,1
604,1
605,1
606,0
607,1
608,0
609,0
610,0
611,1
612,0
613,1
614,0
615,0
616,0
617,0
618,1
619,0
620,0
621,1
622,1
623,0
624,1
625,0
626,0
627,1
628,1
629,1
630,0
631,1
632,1
633,0
634,0
635,1
636,0
637,1
638,0
639,0
640,1
641,1
642,0
643,0
644,1
645,1
646,0
647,0
648,0
649,0
650,1
651,0
652,0
653,1
654,0
655,1
656,1
657,0
658,0
659,1
660,0
661,0
662,1
663,0
664,0
665,1
666,1
667,1
668,1
669,0
670,0
671,0
672,1
673,0
674,0
675,0
676,0
677,1
678,1
679,1
680,0
681,1
682,1
683,1
684,1
685,1
686,1
687,0
688,0
689,0
690,0
691,0
692,0
693,1
694,0
695,1
696,0
697,0
698,1
699,1
700,0
701,1
702,0
703,1
704,1
705,1
706,1
707,1
708,0
709,1
710,0
711,0
712,1
713,0
714,1
715,1
716,1
717,0
718,1
719,0
720,1
721,1
722,0
723,0
724,1
725,0
726,1
727,0
728,1
729,1
730,0
731,1
732,0
733,0
734,1
735,0
736,0
737,0
738,1
739,1
740,0
741,1
742,0
743,1
744,0
745,0
746,0
747,1
748,0
749,1
750,1
751,0
752,0
753,0
754,1
755,0
756,0
757,0
758,1
759,1
760,1
761,1
762,0
763,0
764,0
765,0
766,0
767,0
768,1
769,1
770,0
771,1
772,1
773,1
774,0
775,0
776,0
777,1
778,0
779,1
780,1
781,1
782,1
783,0
784,1
785,0
786,1
787,1
788,1
789,1
790,1
791,0
792,1
793,1
794,1
795,1
796,0
797,1
798,0
799,1
800,1
801,1
802,1
803,1
804,0
805,0
806,0
807,0
808,1
809,1
810,1
811,0
812,0
813,1
814,0
815,0
816,1
817,1
818,1
819,1
820,0
821,1
822,0
823,0
824,1
825,0
826,1
827,0
828,1
829,1
830,1
831,0
832,1
833,0
834,0
835,0
836,0
837,1
838,0
839,1
840,1
841,0
842,1
843,1
844,0
845,1
846,1
847,0
848,0
849,1
850,0
851,1
852,0
853,0
854,1
855,0
856,1
857,0
858,1
859,0
860,1
861,1
862,1
863,1
864,0
865,0
866,0
867,1
868,1
869,1
870,1
871,0
872,0
873,0
874,1
875,0
876,1
877,0
878,0
879,1
880,1
881,0
882,1
883,0
884,1
885,1
886,0
887,0
888,0
889,0
890,0
891,0
892,0
893,0
894,1
895,1
896,0
897,0
898,1
899,1
900,1
901,1
902,1
903,0
904,1
905,1
906,1
907,0
908,1
909,1
910,1
911,0
912,1
913,0
914,0
915,0
916,1
917,0
918,0
919,1
920,1
921,0
922,1
923,1
924,1
925,0
926,0
927,1
928,1
929,1
930,1
931,1
932,0
933,1
934,1
935,0
936,0
937,0
938,0
939,0
940,0
941,0
942,0
943,1
944,1
945,0
946,0
947,1
948,0
949,0
950,0
951,0
952,0
953,0
954,1
955,0
956,1
957,0
958,0
959,1
960,1
961,1
962,1
963,0
964,1
965,0
966,1
967,0
968,1
969,1
970,0
971,1
972,1
973,1
974,1
975,0
976,0
977,0
978,0
979,0
980,0
981,0
982,0
983,1
984,1
985,0
986,1
987,1
988,1
989,0
990,0
991,1
992,0
993,0
994,0
995,0
996,1
997,1
998,1
999,0
1000,0
1001,0
1002,1
1003,0
1004,1
1005,0
1006,0
1007,0
1008,1
1009,0
1010,0
1011,1
1012,1
1013,0
1014,1
1015,1
1016,0
1017,0
1018,1
1019,1
1020,1
1021,1
1022,0
1023,0
1024,0
1025,1
1026,1
1027,0
1028,1
1029,1
1030,0
1031,0
1032,1
1033,0
1034,0
1035,0
1036,0
1037,1
1038,1
1039,0
1040,0
1041,1
1042,1
1043,1
1044,1
1045,0
1046,1
1047,1
1048,1
1049,1
1050,1
1051,0
1052,1
1053,1
1054,1
1055,0
1056,0
1057,0
1058,1
1059,1
1060,0
1061,1
1062,1
1063,0
1064,0
1065,0
1066,0
1067,0
1068,0
1069,1
1070,1
1071,0
1072,0
1073,0
1074,1
1075,1
1076,0
1077,0
1078,0
1079,0
1080,0
1081,1
1082,0
1083,1
1084,1
1085,0
1086,1
1087,0
1088,1
1089,0
1090,1
1091,0
1092,0
1093,0
1094,1
1095,1
1096,1
1097,1
1098,1
1099,0
1100,0
1101,1
1102,1
1103,0
1104,0
1105,1
1106,1
1107,0
1108,0
1109,0
1110,1
1111,0
1112,0
1113,1
1114,0
1115,0
1116,0
1117,0
1118,1
1119,0
1120,1
1121,1
1122,1
1123,0
1124,1
1125,0
1126,1
1127,1
1128,1
1129,1
1130,0
1131,0
1132,0
1133,0
1134,1
1135,1
1136,1
1137,1
1138,0
1139,0
1140,0
1141,1
1142,0
1143,0
1144,0
1145,0
1146,0
1147,0
1148,1
1149,0
1150,0
1151,0
1152,1
1153,1
1154,0
1155,0
1156,1
1157,0
1158,1
1159,0
1160,1
1161,0
1162,0
1163,0
1164,1
1165,0
1166,1
1167,0
1168,1
1169,1
1170,1
1171,0
1172,1
1173,1
1174,0
1175,1
1176,0
1177,1
1178,1
1179,0
1180,0
1181,1
1182,0
1183,1
1184,0
1185,1
1186,1
1187,1
1188,0
1189,1
1190,0
1191,1
1192,1
1193,1
1194,1
1195,1
1196,0
1197,1
1198,1
1199,1
1200,1
1201,0
1202,1
1203,0
1204,1
1205,1
1206,0
1207,1
1208,0
1209,0
1210,0
1211,1
1212,0
1213,1
1214,0
1215,0
1216,1
1217,1
1218,0
1219,0
1220,1
1221,1
1222,0
1223,1
1224,0
1225,0
1226,0
1227,0
1228,0
1229,1
1230,1
1231,1
1232,0
1233,1
1234,0
1235,1
1236,0
1237,0
1238,1
1239,0
1240,0
1241,1
1242,1
1243,0
1244,0
1245,0
1246,0
1247,0
1248,0
1249,0
1250,1
1251,0
1252,1
1253,0
1254,1
1255,0
1256,1
1257,1
1258,1
1259,1
1260,0
1261,0
1262,1
1263,1
1264,0
1265,1
1266,1
1267,0
1268,1
1269,0
1270,1
1271,0
1272,0
1273,0
1274,0
1275,0
1276,1
1277,1
1278,1
1279,0
1280,1
1281,1
1282,0
1283,1
1284,1
1285,0
1286,0
1287,1
1288,0
1289,0
1290,1
1291,1
1292,1
1293,1
1294,1
1295,1
1296,1
1297,0
1298,0
1299,0
1300,0
1301,0
1302,1
1303,0
1304,1
1305,1
1306,1
1307,1
1308,0
1309,0
1310,1
1311,1
1312,0
1313,0
1314,0
1315,0
1316,0
1317,1
1318,0
1319,1
1320,1
1321,1
1322,1
1323,1
1324,0
1325,1
1326,1
1327,1
1328,0
1329,0
1330,1
1331,1
1332,1
1333,0
1334,0
1335,0
1336,0
1337,1
1338,1
1339,1
1340,0
1341,1
1342,0
1343,0
1344,0
1345,0
1346,1
1347,1
1348,1
1349,1
1350,0
1351,0
1352,0
1353,0
1354,1
1355,1
1356,1
1357,0
1358,1
1359,1
1360,1
1361,0
1362,1
1363,0
1364,1
1365,0
1366,1
1367,1
1368,1
1369,1
1370,1
1371,0
1372,1
1373,0
1374,1
1375,0
1376,1
1377,0
1378,1
1379,0
1380,1
1381,0
1382,0
1383,0
1384,1
1385,0
1386,1
1387,0
1388,1
1389,1
1390,0
1391,0
1392,0
1393,0
1394,0
1395,1
1396,0
1397,1
1398,0
1399,1
1400,1
1401,0
1402,0
1403,0
1404,0
1405,1
1406,1
1407,0
1408,1
1409,0
1410,1
1411,0
1412,0
1413,1
1414,0
1415,0
1416,0
1417,1
1418,1
1419,0
1420,0
1421,1
1422,0
1423,1
1424,0
1425,1
1426,0
1427,0
1428,1
1429,0
1430,0
1431,1
1432,1
1433,1
1434,1
1435,0
1436,0
1437,0
1438,1
1439,1
1440,1
1441,0
1442,1
1443,1
1444,0
1445,1
1446,1
1447,1
1448,1
1449,0
1450,1
1451,1
1452,0
1453,0
1454,0
1455,1
1456,1
1457,1
1458,1
1459,1
1460,0
1461,0
1462,1
1463,0
1464,0
1465,0
1466,1
1467,0
1468,1
1469,1
1470,0
1471,0
1472,0
1473,0
1474,1
1475,0
1476,1
1477,0
1478,1
1479,1
1480,1
1481,1
1482,0
1483,0
1484,0
1485,0
1486,0
1487,0
1488,1
1489,1
1490,0
1491,1
1492,1
1493,1
1494,0
1495,0
1496,0
1497,1
1498,1
1499,1
1500,0
1501,1
1502,0
1503,1
1504,0
1505,1
1506,0
1507,1
1508,1
1509,1
1510,0
1511,1
1512,1
1513,1
1514,0
1515,1
1516,0
1517,1
1518,1
1519,1
1520,0
1521,0
1522,0
1523,0
1524,0
1525,1
1526,1
1527,0
1528,1
1529,1
1530,1
1531,1
1532,0
1533,1
1534,0
1535,1
1536,0
1537,1
1538,1
1539,1
1540,1
1541,1
1542,0
1543,1
1544,1
1545,1
1546,0
1547,1
1548,1
1549,0
1550,1
1551,0
1552,1
1553,1
1554,1
1555,1
1556,1
1557,0
1558,0
1559,1
1560,1
1561,0
1562,1
1563,1
1564,1
1565,1
1566,1
1567,0
1568,0
1569,0
1570,0
1571,1
1572,1
1573,1
1574,0
1575,0
1576,0
1577,0
1578,0
1579,1
1580,1
1581,1
1582,1
1583,1
1584,1
1585,0
1586,1
1587,0
1588,0
1589,1
1590,1
1591,1
1592,0
1593,0
1594,1
1595,1
1596,1
1597,1
1598,1
1599,0
1600,0
1601,0
1602,0
1603,1
1604,1
1605,0
1606,0
1607,1
1608,0
1609,0
1610,1
1611,0
1612,0
1613,1
1614,1
1615,0
1616,1
1617,1
1618,0
1619,0
1620,0
1621,0
1622,0
1623,0
1624,1
1625,1
1626,0
1627,1
1628,1
1629,0
1630,1
1631,0
1632,0
1633,0
1634,1
1635,0
1636,0
1637,0
1638,1
1639,1
1640,0
1641,1
1642,1
1643,1
1644,1
1645,0
1646,1
1647,0
1648,1
1649,1
1650,0
1651,0
1652,1
1653,1
1654,0
1655,1
1656,0
1657,0
1658,0
1659,0
1660,1
1661,0
1662,1
1663,0
1664,0
1665,1
1666,0
1667,1
1668,0
1669,0
1670,1
1671,0
1672,1
1673,0
1674,0
1675,0
1676,1
1677,1
1678,1
1679,1
1680,0
1681,1
1682,1
1683,0
1684,1
1685,0
1686,0
1687,0
1688,1
1689,0
1690,0
1691,0
1692,0
1693,1
1694,1
1695,0
1696,0
1697,1
1698,1
1699,0
1700,0
1701,0
1702,1
1703,1
1704,1
1705,1
1706,0
1707,1
1708,0
1709,0
1710,0
1711,1
1712,0
1713,0
1714,1
1715,1
1716,1
1717,0
1718,1
1719,0
1720,1
1721,0
1722,1
1723,1
1724,1
1725,0
1726,1
1727,0
1728,0
1729,1
1730,1
1731,0
1732,0
1733,1
1734,1
1735,1
1736,0
1737,1
1738,0
1739,0
1740,1
1741,1
1742,0
1743,1
1744,1
1745,1
1746,0
1747,0
1748,0
1749,1
1750,0
1751,0
1752,1
1753,1
1754,1
1755,1
1756,1
1757,1
1758,0
1759,1
1760,1
1761,1
1762,1
1763,0
1764,0
1765,1
1766,0
1767,0
1768,1
1769,1
1770,0
1771,0
1772,0
1773,1
1774,0
1775,0
1776,1
1777,1
1778,1
1779,1
1780,1
1781,1
1782,1
1783,1
1784,1
1785,0
1786,1
1787,0
1788,0
1789,0
1790,1
1791,1
1792,1
1793,1
1794,0
1795,1
1796,1
1797,0
1798,1
1799,1
1800,1
1801,0
1802,0
1803,1
1804,0
1805,0
1806,1
1807,0
1808,0
1809,0
1810,1
1811,0
1812,1
1813,1
1814,1
1815,0
1816,1
1817,0
1818,0
1819,1
1820,1
1821,0
1822,1
1823,0
1824,0
1825,1
1826,1
1827,0
1828,1
1829,1
1830,0
1831,0
1832,1
1833,1
1834,1
1835,0
1836,0
1837,1
1838,1
1839,0
1840,0
1841,0
1842,1
1843,0
1844,1
1845,1
1846,1
1847,1
1848,1
1849,0
1850,0
1851,1
1852,1
1853,0
1854,0
1855,1
1856,1
1857,1
1858,0
1859,1
1860,1
1861,0
1862,0
1863,0
1864,0
1865,0
1866,1
1867,1
1868,0
1869,0
1870,0
1871,1
1872,1
1873,1
1874,0
1875,0
1876,0
1877,1
1878,0
1879,1
1880,1
1881,0
1882,1
1883,0
1884,0
1885,0
1886,0
1887,0
1888,1
1889,0
1890,0
1891,0
1892,0
1893,0
1894,0
1895,0
1896,0
1897,1
1898,0
1899,0
1900,1
1901,0
1902,0
1903,0
1904,0
1905,1
1906,0
1907,1
1908,1
1909,0
1910,1
1911,0
1912,1
1913,1
1914,1
1915,0
1916,0
1917,1
1918,0
1919,0
1920,0
1921,1
1922,0
1923,1
1924,1
1925,1
1926,1
1927,0
1928,1
1929,0
1930,1
1931,0
1932,0
1933,0
1934,1
1935,0
1936,1
1937,1
1938,1
1939,0
1940,0
1941,1
1942,1
1943,1
1944,1
1945,1
1946,1
1947,1
1948,1
1949,1
1950,1
1951,0
1952,1
1953,1
1954,1
1955,1
1956,0
1957,0
1958,0
1959,1
1960,0
1961,0
1962,0
1963,1
1964,0
1965,1
1966,1
1967,1
1968,1
1969,0
1970,1
1971,0
1972,1
1973,0
1974,0
1975,1
1976,0
1977,0
1978,1
1979,0
1980,0
1981,0
1982,0
1983,0
1984,0
1985,1
1986,0
1987,0
1988,0
1989,0
1990,0
1991,1
1992,0
1993,1
1994,0
1995,1
1996,1
1997,1
1998,1
1999,1
2000,0
2001,1
2002,1
2003,0
2004,1
2005,0
2006,1
2007,0
2008,0
2009,1
2010,0
2011,1
2012,0
2013,1
2014,1
2015,0
2016,0
2017,1
2018,1
2019,1
2020,0
2021,0
2022,1
2023,0
2024,1
2025,0
2026,1
2027,0
2028,0
2029,0
2030,0
2031,0
2032,1
2033,1
2034,0
2035,1
2036,0
2037,1
2038,1
2039,0
2040,0
2041,1
2042,0
2043,0
2044,0
2045,0
2046,0
2047,0
2048,1
2049,1
2050,0
2051,0
2052,1
2053,1
2054,0
2055,0
2056,0
2057,0
2058,0
2059,0
2060,1
2061,1
2062,1
2063,0
2064,0
2065,1
2066,1
2067,1
2068,0
2069,0
2070,0
2071,1
2072,0
2073,1
2074,0
2075,1
2076,0
2077,0
2078,1
2079,0
2080,0
2081,1
2082,0
2083,1
2084,0
2085,1
2086,1
2087,1
2088,0
2089,1
2090,0
2091,0
2092,0
2093,0
2094,1
2095,1
2096,0
2097,0
2098,0
2099,1
2100,0
2101,1
2102,0
2103,0
2104,0
2105,1
2106,0
2107,0
2108,0
2109,1
2110,1
2111,1
2112,1
2113,0
2114,0
2115,0
2116,0
2117,1
2118,0
2119,1
2120,0
2121,0
2122,1
2123,1
2124,0
2125,0
2126,0
2127,0
2128,1
2129,0
2130,1
2131,1
2132,0
2133,0
2134,1
2135,1
2136,0
2137,1
2138,1
2139,0
2140,0
2141,1
2142,1
2143,0
2144,1
2145,1
2146,1
2147,0
2148,0
2149,0
2150,1
2151,0
2152,0
2153,0
2154,0
2155,1
2156,0
2157,0
2158,0
2159,0
2160,0
2161,1
2162,0
2163,1
2164,0
2165,0
2166,0
2167,0
2168,1
2169,0
2170,0
2171,0
2172,0
2173,0
2174,1
2175,1
2176,1
2177,1
2178,0
2179,1
2180,1
2181,0
2182,1
2183,1
2184,1
2185,1
2186,0
2187,1
2188,1
2189,1
2190,0
2191,1
2192,1
2193,1
2194,1
2195,0
2196,1
2197,1
2198,1
2199,1
2200,0
2201,0
2202,0
2203,0
2204,0
2205,0
2206,0
2207,1
2208,1
2209,1
2210,0
2211,1
2212,0
2213,1
2214,1
2215,0
2216,1
2217,1
2218,0
2219,1
2220,0
2221,0
2222,1
2223,0
2224,1
2225,1
2226,0
2227,1
2228,0
2229,0
2230,0
2231,1
2232,1
2233,1
2234,1
2235,1
2236,0
2237,0
2238,1
2239,0
2240,0
2241,1
2242,1
2243,0
2244,0
2245,0
2246,0
2247,1
2248,1
2249,1
2250,0
2251,0
2252,0
2253,0
2254,0
2255,0
2256,0
2257,1
2258,1
2259,0
2260,1
2261,1
2262,1
2263,0
2264,1
2265,0
2266,1
2267,1
2268,1
2269,1
2270,1
2271,0
2272,0
2273,1
2274,1
2275,0
2276,0
2277,1
2278,0
2279,1
2280,1
2281,0
2282,0
2283,1
2284,1
2285,1
2286,1
2287,0
2288,0
2289,0
2290,1
2291,1
2292,1
2293,0
2294,0
2295,1
2296,0
2297,0
2298,0
2299,1
2300,0
2301,0
2302,1
2303,0
2304,0
2305,0
2306,0
2307,0
2308,1
2309,0
2310,0
2311,0
2312,1
2313,1
2314,1
2315,0
2316,0
2317,0
2318,1
2319,0
2320,0
2321,1
2322,1
2323,0
2324,0
2325,1
2326,1
2327,1
2328,1
2329,1
2330,1
2331,1
2332,0
2333,0
2334,0
2335,0
2336,1
2337,1
2338,0
2339,1
2340,1
2341,0
2342,1
2343,1
2344,0
2345,0
2346,1
2347,1
2348,1
2349,1
2350,0
2351,0
2352,0
2353,0
2354,1
2355,0
2356,0
2357,1
2358,0
2359,1
2360,1
2361,0
2362,1
2363,1
2364,1
2365,1
2366,1
2367,0
2368,1
2369,0
2370,1
2371,1
2372,1
2373,0
2374,0
2375,1
2376,1
2377,0
2378,0
2379,1
2380,1
2381,1
2382,0
2383,0
2384,1
2385,0
2386,0
2387,1
2388,1
2389,1
2390,0
2391,1
2392,1
2393,1
2394,1
2395,0
2396,0
2397,1
2398,0
2399,1
2400,0
2401,0
2402,1
2403,0
2404,1
2405,0
2406,1
2407,1
2408,0
2409,1
2410,1
2411,1
2412,1
2413,0
2414,1
2415,0
2416,1
2417,0
2418,1
2419,0
2420,0
2421,0
2422,1
2423,0
2424,1
2425,1
2426,1
2427,0
2428,1
2429,1
2430,1
2431,1
2432,0
2433,1
2434,1
2435,1
2436,1
2437,0
2438,1
2439,0
2440,0
2441,0
2442,0
2443,1
2444,1
2445,1
2446,1
2447,1
2448,0
2449,0
2450,0
2451,1
2452,1
2453,1
2454,1
2455,1
2456,0
2457,1
2458,0
2459,1
2460,1
2461,1
2462,0
2463,1
2464,1
2465,0
2466,1
2467,1
2468,0
2469,1
2470,1
2471,1
2472,0
2473,0
2474,1
2475,0
2476,0
2477,1
2478,0
2479,0
2480,1
2481,0
2482,1
2483,1
2484,0
2485,0
2486,1
2487,0
2488,0
2489,1
2490,1
2491,1
2492,1
2493,1
2494,0
2495,1
2496,1
2497,0
2498,1
2499,0
2500,1
2501,1
2502,0
2503,0
2504,0
2505,0
2506,1
2507,1
2508,0
2509,0
2510,0
2511,0
2512,1
2513,0
2514,1
2515,0
2516,0
2517,0
2518,0
2519,1
2520,1
2521,0
2522,1
2523,0
2524,0
2525,0
2526,1
2527,1
2528,0
2529,1
2530,0
2531,1
2532,0
2533,0
2534,0
2535,0
2536,1
2537,0
2538,0
2539,1
2540,0
2541,1
2542,0
2543,0
2544,1
2545,0
2546,0
2547,1
2548,1
2549,1
2550,1
2551,0
2552,1
2553,0
2554,0
2555,1
2556,0
2557,0
2558,1
2559,0
2560,0
2561,0
2562,1
2563,1
2564,1
2565,0
2566,0
2567,1
2568,1
2569,1
2570,1
2571,1
2572,1
2573,0
2574,0
2575,1
2576,1
2577,1
2578,0
2579,0
2580,1
2581,1
2582,1
2583,0
2584,1
2585,1
2586,0
2587,0
2588,1
2589,1
2590,0
2591,1
2592,0
2593,1
2594,0
2595,1
2596,0
2597,1
2598,0
2599,0
2600,0
2601,0
2602,0
2603,0
2604,1
2605,0
2606,1
2607,1
2608,0
2609,1
2610,0
2611,1
2612,0
2613,0
2614,1
2615,0
2616,0
2617,1
2618,1
2619,1
2620,0
2621,0
2622,1
2623,0
2624,1
2625,1
2626,0
2627,1
2628,0
2629,0
2630,0
2631,1
2632,1
2633,1
2634,0
2635,1
2636,0
2637,0
2638,0
2639,1
2640,1
2641,0
2642,1
2643,0
2644,0
2645,1
2646,1
2647,0
2648,0
2649,0
2650,0
2651,1
2652,0
2653,0
2654,1
2655,1
2656,0
2657,0
2658,1
2659,0
2660,0
2661,0
2662,1
2663,0
2664,1
2665,1
2666,0
2667,1
2668,1
2669,0
2670,0
2671,0
2672,1
2673,0
2674,0
2675,1
2676,0
2677,1
2678,0
2679,1
2680,0
2681,1
2682,1
2683,1
2684,1
2685,1
2686,0
2687,0
2688,1
2689,0
2690,0
2691,1
2692,0
2693,0
2694,1
2695,1
2696,1
2697,1
2698,1
2699,0
2700,0
2701,1
2702,0
2703,0
2704,0
2705,1
2706,1
2707,0
2708,1
2709,1
2710,0
2711,0
2712,1
2713,0
2714,1
2715,1
2716,0
2717,0
2718,1
2719,1
2720,1
2721,0
2722,1
2723,0
2724,0
2725,0
2726,0
2727,0
2728,1
2729,0
2730,0
2731,1
2732,0
2733,0
2734,1
2735,0
2736,0
2737,1
2738,1
2739,1
2740,0
2741,1
2742,1
2743,1
2744,1
2745,1
2746,1
2747,1
2748,1
2749,1
2750,0
2751,0
2752,1
2753,1
2754,1
2755,0
2756,1
2757,0
2758,1
2759,1
2760,0
2761,1
2762,0
2763,0
2764,0
2765,1
2766,1
2767,1
2768,0
2769,0
2770,0
2771,1
2772,1
2773,1
2774,0
2775,1
2776,0
2777,0
2778,1
2779,0
2780,1
2781,1
2782,1
2783,0
2784,0
2785,0
2786,1
2787,0
2788,0
2789,0
2790,0
2791,1
2792,0
2793,0
2794,0
2795,1
2796,0
2797,1
2798,1
2799,0
2800,1
2801,0
2802,0
2803,1
2804,1
2805,0
2806,0
2807,1
2808,1
2809,0
2810,1
2811,1
2812,0
2813,0
2814,0
2815,1
2816,0
2817,1
2818,1
2819,1
2820,0
2821,0
2822,1
2823,1
2824,0
2825,0
2826,0
2827,1
2828,0
2829,0
2830,0
2831,0
2832,0
2833,0
2834,0
2835,1
2836,0
2837,0
2838,1
2839,0
2840,1
2841,1
2842,0
2843,0
2844,0
2845,1
2846,0
2847,0
2848,1
2849,0
2850,1
2851,0
2852,0
2853,0
2854,1
2855,1
2856,1
2857,1
2858,1
2859,0
2860,1
2861,1
2862,1
2863,0
2864,0
2865,0
2866,0
2867,0
2868,1
2869,1
2870,0
2871,1
2872,0
2873,0
2874,1
2875,0
2876,0
2877,1
2878,0
2879,1
2880,1
2881,1
2882,1
2883,1
2884,0
2885,1
2886,1
2887,0
2888,0
2889,0
2890,0
2891,0
2892,0
2893,1
2894,1
2895,0
2896,0
2897,0
2898,0
2899,0
2900,0
2901,0
2902,0
2903,1
2904,1
2905,1
2906,1
2907,0
2908,0
2909,1
2910,0
2911,1
2912,0
2913,1
2914,0
2915,1
2916,0
2917,0
2918,0
2919,0
2920,0
2921,0
2922,0
2923,0
2924,1
2925,1
2926,1
2927,0
2928,1
2929,0
2930,1
2931,1
2932,1
2933,0
2934,0
2935,1
2936,0
2937,0
2938,0
2939,1
2940,0
2941,1
2942,1
2943,0
2944,1
2945,0
2946,1
2947,1
2948,1
2949,0
2950,1
2951,1
2952,1
2953,0
2954,0
2955,0
2956,0
2957,0
2958,0
2959,1
2960,1
2961,1
2962,0
2963,0
2964,1
2965,1
2966,0
2967,1
2968,0
2969,0
2970,1
2971,0
2972,0
2973,0
2974,0
2975,1
2976,1
2977,1
2978,1
2979,0
2980,1
2981,1
2982,0
2983,0
2984,0
2985,1
2986,0
2987,1
2988,0
2989,0
2990,0
2991,1
2992,1
2993,0
2994,0
2995,0
2996,0
2997,0
2998,0
2999,1
3000,0
3001,0
3002,1
3003,0
3004,1
3005,0
3006,0
3007,1
3008,1
3009,0
3010,1
3011,1
3012,0
3013,0
3014,0
3015,0
3016,0
3017,0
3018,1
3019,1
3020,0
3021,1
3022,1
3023,1
3024,1
3025,0
3026,1
3027,0
3028,0
3029,0
3030,1
3031,1
3032,0
3033,0
3034,0
3035,0
3036,1
3037,0
3038,0
3039,0
3040,1
3041,1
3042,0
3043,1
3044,1
3045,0
3046,0
3047,1
3048,0
3049,1
3050,1
3051,1
3052,1
3053,0
3054,0
3055,0
3056,0
3057,1
3058,0
3059,1
3060,0
3061,0
3062,0
3063,0
3064,0
3065,0
3066,0
3067,0
3068,1
3069,1
3070,0
3071,1
3072,0
3073,0
3074,1
3075,1
3076,1
3077,0
3078,1
3079,1
3080,0
3081,1
3082,1
3083,1
3084,0
3085,1
3086,0
3087,0
3088,0
3089,1
3090,0
3091,1
3092,1
3093,0
3094,0
3095,0
3096,0
3097,0
3098,1
3099,0
3100,1
3101,0
3102,0
3103,1
3104,1
3105,1
3106,1
3107,0
3108,0
3109,1
3110,1
3111,1
3112,0
3113,1
3114,1
3115,1
3116,1
3117,1
3118,1
3119,1
3120,0
3121,0
3122,0
3123,1
3124,1
3125,0
3126,0
3127,0
3128,1
3129,1
3130,1
3131,0
3132,1
3133,1
3134,1
3135,1
3136,0
3137,1
3138,1
3139,1
3140,0
3141,1
3142,1
3143,1
3144,0
3145,1
3146,0
3147,0
3148,1
3149,1
3150,0
3151,1
3152,0
3153,0
3154,1
3155,0
3156,0
3157,1
3158,0
3159,1
3160,0
3161,1
3162,1
3163,0
3164,1
3165,0
3166,0
3167,1
3168,1
3169,0
3170,1
3171,0
3172,0
3173,1
3174,1
3175,0
3176,1
3177,0
3178,1
3179,1
3180,0
3181,1
3182,1
3183,1
3184,1
3185,1
3186,0
3187,0
3188,1
3189,1
3190,0
3191,1
3192,0
3193,1
3194,0
3195,1
3196,0
3197,1
3198,1
3199,0
3200,1
3201,1
3202,0
3203,1
3204,1
3205,0
3206,0
3207,0
3208,1
3209,0
3210,1
3211,0
3212,0
3213,0
3214,0
3215,0
3216,1
3217,0
3218,0
3219,1
3220,0
3221,0
3222,1
3223,1
3224,1
3225,1
3226,1
3227,1
3228,1
3229,0
3230,1
3231,1
3232,0
3233,0
3234,1
3235,1
3236,0
3237,0
3238,0
3239,1
3240,1
3241,1
3242,0
3243,1
3244,0
3245,0
3246,0
3247,1
3248,1
3249,0
3250,1
3251,1
3252,0
3253,0
3254,0
3255,0
3256,0
3257,0
3258,0
3259,1
3260,0
3261,0
3262,0
3263,1
3264,1
3265,1
3266,1
3267,0
3268,1
3269,1
3270,0
3271,0
3272,1
3273,0
3274,0
3275,0
3276,0
3277,0
3278,1
3279,1
3280,1
3281,0
3282,0
3283,0
3284,0
3285,1
3286,0
3287,0
3288,1
3289,1
3290,0
3291,0
3292,0
3293,1
3294,1
3295,0
3296,0
3297,0
3298,0
3299,1
3300,0
3301,0
3302,0
3303,0
3304,1
3305,1
3306,0
3307,0
3308,0
3309,0
3310,1
3311,0
3312,0
3313,1
3314,0
3315,0
3316,0
3317,0
3318,1
3319,0
3320,1
3321,0
3322,0
3323,0
3324,0
3325,0
3326,1
3327,0
3328,1
3329,0
3330,1
3331,0
3332,1
3333,1
3334,0
3335,1
3336,0
3337,1
3338,0
3339,0
3340,1
3341,1
3342,1
3343,1
3344,0
3345,1
3346,1
3347,1
3348,1
3349,0
3350,0
3351,0
3352,0
3353,0
3354,0
3355,0
3356,0
3357,0
3358,1
3359,1
3360,1
3361,0
3362,0
3363,1
3364,0
3365,1
3366,1
3367,1
3368,1
3369,1
3370,0
3371,0
3372,1
3373,0
3374,1
3375,1
3376,0
3377,0
3378,1
3379,0
3380,0
3381,1
3382,0
3383,1
3384,1
3385,1
3386,1
3387,0
3388,1
3389,0
3390,0
3391,0
3392,0
3393,1
3394,0
3395,1
3396,1
3397,0
3398,1
3399,1
3400,0
3401,0
3402,0
3403,0
3404,1
3405,0
3406,0
3407,0
3408,0
3409,1
3410,0
3411,0
3412,1
3413,1
3414,1
3415,1
3416,0
3417,1
3418,1
3419,0
3420,0
3421,0
3422,0
3423,1
3424,1
3425,1
3426,0
3427,0
3428,0
3429,0
3430,1
3431,0
3432,0
3433,1
3434,1
3435,1
3436,0
3437,1
3438,0
3439,1
3440,1
3441,1
3442,1
3443,0
3444,0
3445,0
3446,1
3447,1
3448,0
3449,1
3450,1
3451,1
3452,0
3453,1
3454,1
3455,1
3456,1
3457,0
3458,1
3459,1
3460,0
3461,1
3462,1
3463,1
3464,1
3465,1
3466,1
3467,0
3468,0
3469,0
3470,1
3471,0
3472,1
3473,0
3474,0
3475,1
3476,1
3477,1
3478,0
3479,1
3480,0
3481,1
3482,0
3483,0
3484,0
3485,1
3486,0
3487,1
3488,0
3489,1
3490,1
3491,0
3492,0
3493,0
3494,1
3495,1
3496,1
3497,0
3498,1
3499,1
3500,1
3501,1
3502,1
3503,1
3504,0
3505,0
3506,1
3507,1
3508,0
3509,0
3510,0
3511,1
3512,1
3513,1
3514,1
3515,0
3516,1
3517,0
3518,0
3519,0
3520,1
3521,0
3522,1
3523,1
3524,0
3525,0
3526,0
3527,0
3528,1
3529,0
3530,0
3531,0
3532,0
3533,1
3534,1
3535,0
3536,0
3537,0
3538,0
3539,0
3540,1
3541,0
3542,0
3543,1
3544,0
3545,0
3546,0
3547,0
3548,1
3549,0
3550,1
3551,1
3552,1
3553,0
3554,0
3555,1
3556,1
3557,0
3558,1
3559,1
3560,1
3561,1
3562,1
3563,0
3564,0
3565,0
3566,0
3567,0
3568,1
3569,1
3570,1
3571,0
3572,0
3573,1
3574,0
3575,1
3576,1
3577,0
3578,1
3579,1
3580,0
3581,0
3582,1
3583,0
3584,1
3585,1
3586,1
3587,0
3588,0
3589,0
3590,1
3591,1
3592,0
3593,1
3594,0
3595,0
3596,1
3597,0
3598,0
3599,0
3600,0
3601,0
3602,0
3603,1
3604,1
3605,0
3606,1
3607,0
3608,1
3609,1
3610,0
3611,1
3612,1
3613,1
3614,0
3615,1
3616,0
3617,1
3618,1
3619,0
3620,1
3621,0
3622,1
3623,0
3624,0
3625,0
3626,0
3627,1
3628,0
3629,0
3630,0
3631,1
3632,1
3633,1
3634,1
3635,0
3636,1
3637,0
3638,1
3639,0
3640,0
3641,0
3642,1
3643,1
3644,0
3645,0
3646,0
3647,1
3648,1
3649,0
3650,0
3651,0
3652,1
3653,0
3654,1
3655,0
3656,1
3657,0
3658,1
3659,1
3660,0
3661,0
3662,1
3663,1
3664,0
3665,1
3666,0
3667,1
3668,0
3669,0
3670,1
3671,0
3672,1
3673,1
3674,1
3675,1
3676,1
3677,0
3678,1
3679,1
3680,1
3681,1
3682,1
3683,0
3684,0
3685,0
3686,1
3687,1
3688,0
3689,1
3690,1
3691,1
3692,0
3693,0
3694,0
3695,0
3696,0
3697,0
3698,1
3699,0
3700,1
3701,1
3702,1
3703,1
3704,1
3705,0
3706,0
3707,0
3708,0
3709,0
3710,1
3711,1
3712,1
3713,0
3714,0
3715,1
3716,0
3717,1
3718,1
3719,1
3720,1
3721,0
3722,1
3723,1
3724,0
3725,0
3726,1
3727,0
3728,0
3729,1
3730,1
3731,1
3732,1
3733,1
3734,0
3735,1
3736,0
3737,1
3738,0
3739,1
3740,1
3741,1
3742,0
3743,1
3744,1
3745,0
3746,1
3747,1
3748,1
3749,1
3750,1
3751,0
3752,1
3753,1
3754,0
3755,0
3756,0
3757,0
3758,0
3759,0
3760,0
3761,0
3762,1
3763,1
3764,0
3765,0
3766,1
3767,1
3768,0
3769,0
3770,0
3771,0
3772,1
3773,0
3774,0
3775,0
3776,0
3777,1
3778,0
3779,1
3780,0
3781,1
3782,1
3783,0
3784,1
3785,1
3786,1
3787,1
3788,0
3789,0
3790,0
3791,0
3792,0
3793,0
3794,0
3795,1
3796,0
3797,1
3798,0
3799,0
3800,1
3801,0
3802,0
3803,1
3804,1
3805,1
3806,1
3807,0
3808,0
3809,0
3810,1
3811,0
3812,0
3813,0
3814,1
3815,0
3816,0
3817,1
3818,1
3819,1
3820,1
3821,0
3822,0
3823,0
3824,1
3825,0
3826,0
3827,0
3828,0
3829,1
3830,0
3831,1
3832,1
3833,1
3834,0
3835,0
3836,0
3837,1
3838,0
3839,1
3840,1
3841,1
3842,1
3843,0
3844,0
3845,0
3846,1
3847,1
3848,1
3849,0
3850,0
3851,1
3852,1
3853,1
3854,0
3855,1
3856,0
3857,1
3858,0
3859,1
3860,0
3861,0
3862,1
3863,0
3864,0
3865,1
3866,1
3867,0
3868,1
3869,1
3870,1
3871,1
3872,1
3873,1
3874,0
3875,1
3876,0
3877,0
3878,1
3879,1
3880,0
3881,0
3882,1
3883,1
3884,0
3885,1
3886,0
3887,1
3888,0
3889,0
3890,0
3891,0
3892,0
3893,0
3894,1
3895,0
3896,1
3897,0
3898,0
3899,1
3900,1
3901,1
3902,0
3903,0
3904,1
3905,0
3906,0
3907,0
3908,0
3909,0
3910,0
3911,1
3912,1
3913,0
3914,0
3915,0
3916,1
3917,0
3918,0
3919,1
3920,0
3921,0
3922,0
3923,1
3924,0
3925,1
3926,0
3927,0
3928,0
3929,1
3930,1
3931,0
3932,1
3933,0
3934,0
3935,0
3936,1
3937,0
3938,1
3939,1
3940,0
3941,0
3942,1
3943,0
3944,0
3945,1
3946,0
3947,1
3948,0
3949,0
3950,1
3951,1
3952,0
3953,0
3954,0
3955,1
3956,0
3957,1
3958,0
3959,1
3960,1
3961,1
3962,0
3963,0
3964,1
3965,0
3966,1
3967,1
3968,0
3969,1
3970,0
3971,1
3972,1
3973,0
3974,1
3975,1
3976,0
3977,0
3978,1
3979,0
3980,0
3981,0
3982,1
3983,0
3984,1
3985,1
3986,1
3987,0
3988,1
3989,0
3990,1
3991,1
3992,0
3993,0
3994,0
3995,1
3996,0
3997,0
3998,1
